Country,National Sport,Status,Most Visited Landmark,Landmark Category,National Dish,National Animal
Afghanistan,Buzkashi,De Facto,Minaret of Jam,Palace & Ancient Site,Kabuli Palaw,Snow Leopard
Albania,Football,De Facto,Butrint National Park,Palace & Ancient Site,Tavë Kosi,Golden Eagle
Algeria,Football,De Facto,Kasbah of Algiers,Palace & Ancient Site,Couscous,Fennec Fox
Andorra,Rugby Union,De Facto,Madriu-Perafita-Claror Valley,Natural Wonder,Escudella,Black Isard
Angola,Basketball,De Facto,Kalandula Falls,Natural Wonder,Muamba de Galinha,Giant Sable Antelope
Antigua and Barbuda,Cricket,De Facto,Nelson's Dockyard,Historical & Memorial,Fungi and Pepperpot,Fallow Deer
Argentina,Pato,De Jure,Iguazu Falls,Natural Wonder,Asado,Rufous Hornero
Armenia,Chess,De Jure,Geghard Monastery,Religious Site,Harissa,Eagle
Australia,Cricket,De Facto,Sydney Opera House,Modern Architectural,Roast Lamb,Red Kangaroo
Austria,Alpine Skiing,De Facto,Schönbrunn Palace,Palace & Ancient Site,Wiener Schnitzel,Golden Eagle
Azerbaijan,Chovgan,De Jure,Maiden Tower,Palace & Ancient Site,Plov,Karabakh Horse
Bahamas,Cricket,De Facto,Atlantis Paradise Island,Modern Architectural,Conch Salad,Flamingo
Bahrain,Football,De Facto,Qal'at al-Bahrain,Palace & Ancient Site,Machboos,Arabian Oryx
Bangladesh,Kabaddi,De Jure,Sundarbans Mangrove Forest,Natural Wonder,Ilish Curry,Royal Bengal Tiger
Barbados,Cricket,De Jure,Harrison's Cave,Natural Wonder,Cou-Cou and Flying Fish,Dolphin Fish
Belarus,Ice Hockey,De Facto,Mir Castle Complex,Palace & Ancient Site,Draniki,European Bison
Belgium,Cycling,De Facto,Grand Place,Historical & Memorial,Moules-Frites,Belgian Lion
Belize,Football,De Facto,Great Blue Hole,Natural Wonder,Rice and Beans,Baird's Tapir
Benin,Football,De Facto,Royal Palaces of Abomey,Palace & Ancient Site,Koki,Leopard
Bhutan,Archery,De Jure,Paro Taktsang (Tiger's Nest),Religious Site,Ema Datshi,Takin
Bolivia,Football,De Facto,Salar de Uyuni,Natural Wonder,Salteñas,Andean Condor
Bosnia and Herzegovina,Football,De Facto,Stari Most (Mostar Bridge),Historical & Memorial,Ćevapi,Golden Eagle
Botswana,Football,De Facto,Okavango Delta,Natural Wonder,Seswaa,Plain Zebra
Brazil,Capoeira,De Jure,Christ the Redeemer,Religious Site,Feijoada,Rufous-bellied Thrush
Brunei,Sepak Takraw,De Facto,Sultan Omar Ali Saifuddien Mosque,Religious Site,Ambuyat,White-bellied Sea Eagle
Bulgaria,Weightlifting,De Facto,Rila Monastery,Religious Site,Shopska Salad,Lion
Burkina Faso,Football,De Facto,Ruins of Loropéni,Palace & Ancient Site,Riz Gras,White Stallion
Burundi,Football,De Facto,Source of the Nile,Natural Wonder,Boko Boko,Lion
Cabo Verde,Football,De Facto,Pico do Fogo,Natural Wonder,Cachupa,Grey-headed Kingfisher
Cambodia,Pradal Serey,De Jure,Angkor Wat,Religious Site,Fish Amok,Kouprey
Cameroon,Football,De Facto,Waza National Park,Natural Wonder,Ndolé,Lion
Canada,Ice Hockey & Lacrosse,De Jure,Niagara Falls,Natural Wonder,Poutine,North American Beaver
Central African Republic,Basketball,De Facto,Dzanga-Sangha National Park,Natural Wonder,Cassava and Fish,Elephant
Chad,Football,De Facto,Ennedi Massif,Natural Wonder,Daraba,Barbary Lion
Chile,Chilean Rodeo,De Jure,Easter Island (Rapa Nui),Palace & Ancient Site,Empanada,South Andean Huemul
China,Table Tennis,De Facto,Great Wall of China,Palace & Ancient Site,Peking Duck,Giant Panda
Colombia,Tejo,De Jure,Salt Cathedral of Zipaquirá,Religious Site,Bandeja Paisa,Andean Condor
Comoros,Football,De Facto,Mount Kartala,Natural Wonder,Langouste à la Vanille,Mongoose Lemur
Congo (Congo-Brazzaville),Football,De Facto,Odzala-Kokoua National Park,Natural Wonder,Poulet Moambé,Lion
Congo (Democratic Republic),Football,De Facto,Virunga National Park,Natural Wonder,Poulet à la Moambé,Okapi
Costa Rica,Football,De Facto,Manuel Antonio National Park,Natural Wonder,Gallo Pinto,White-tailed Deer
Croatia,Football,De Facto,Plitvice Lakes National Park,Natural Wonder,Zagorski Štrukli,Pine Marten
Cuba,Baseball,De Jure,Old Havana,Historical & Memorial,Ropa Vieja,Tocororo
Cyprus,Football,De Facto,Tombs of the Kings,Palace & Ancient Site,Souvla,Cypriot Mouflon
Czech Republic,Ice Hockey,De Facto,Prague Castle,Palace & Ancient Site,Vepřo-knedlo-zelo,Double-tailed Lion
Denmark,Football,De Facto,The Little Mermaid,Historical & Memorial,Smørrebrød,Mute Swan
Djibouti,Football,De Facto,Lake Assal,Natural Wonder,Skoudehkaris,Somali Ostrich
Dominica,Cricket,De Facto,Boiling Lake,Natural Wonder,Mountain Chicken,Sisserou Parrot
Dominican Republic,Baseball,De Facto,Zona Colonial,Historical & Memorial,La Bandera,Palmchat
Ecuador,Chaza,De Jure,Galapagos Islands,Natural Wonder,Ceviche,Andean Condor
Egypt,Football,De Facto,Giza Pyramids,Palace & Ancient Site,Koshary,Steppe Eagle
El Salvador,Football,De Facto,Joya de Cerén,Palace & Ancient Site,Pupusa,Torogoz
Equatorial Guinea,Football,De Facto,Pico Basile,Natural Wonder,Succotash,Western Gorilla
Eritrea,Cycling,De Facto,Asmara Art Deco Architecture,Modern Architectural,Zigini,Dromedary Camel
Estonia,Basketball,De Facto,Tallinn Old Town,Historical & Memorial,Verivorst,Barn Swallow
Eswatini,Football,De Facto,Hlane Royal National Park,Natural Wonder,Umncweba,Thomson's Gazelle
Ethiopia,Athletics,De Facto,Rock-Hewn Churches of Lalibela,Religious Site,Doro Wat,Abyssinian Lion
Fiji,Rugby Sevens,De Facto,Sigatoka Sand Dunes,Natural Wonder,Kokoda,Fiji Collared Lory
Finland,Pesäpallo,De Jure,Suomenlinna Fortress,Historical & Memorial,Karjalanpiirakka,Brown Bear
France,Football,De Facto,Eiffel Tower,Modern Architectural,Pot-au-Feu,Gallic Rooster
Gabon,Football,De Facto,Loango National Park,Natural Wonder,Poulet Nyembwe,Black Panther
Gambia,Traditional Wrestling,De Facto,Kunta Kinteh Island,Historical & Memorial,Domoda,Spur-winged Goose
Georgia,Rugby Union,De Facto,Vardzia Cave Monastery,Religious Site,Khachapuri,White-tailed Eagle
Germany,Football,De Facto,Brandenburg Gate,Historical & Memorial,Sauerbraten,Federal Eagle
Ghana,Football,De Facto,Cape Coast Castle,Historical & Memorial,Jollof Rice,Golden Eagle
Greece,Football,De Facto,Acropolis of Athens,Palace & Ancient Site,Moussaka,Dolphin
Grenada,Cricket,De Facto,Grand Anse Beach,Natural Wonder,Oil Down,Grenada Dove
Guatemala,Football,De Facto,Tikal,Palace & Ancient Site,Pepián,Resplendent Quetzal
Guinea,Football,De Facto,Mount Nimba Strict Nature Reserve,Natural Wonder,Poulet Yassa,Elephant
Guinea-Bissau,Football,De Facto,Bijagós Archipelago,Natural Wonder,Jajangmyeon style stews,Leopard
Guyana,Cricket,De Facto,Kaieteur Falls,Natural Wonder,Pepperpot,Jaguar
Haiti,Football,De Facto,Citadelle Laferrière,Historical & Memorial,Griot,Hispaniolan Trogon
Honduras,Football,De Facto,Copán Ruinas,Palace & Ancient Site,Plato Típico,White-tailed Deer
Hungary,Water Polo,De Facto,Buda Castle,Palace & Ancient Site,Goulash,Turul
Iceland,Glima,De Jure,Blue Lagoon,Natural Wonder,Hákarl,Gyrfalcon
India,Field Hockey,De Facto,Taj Mahal,Palace & Ancient Site,Khichdi,Bengal Tiger
Indonesia,Pencak Silat,De Jure,Borobudur Temple,Religious Site,Nasi Goreng,Komodo Dragon
Iran,Wrestling,De Jure,Persepolis,Palace & Ancient Site,Ghormeh Sabzi,Persian Leopard
Iraq,Football,De Facto,Babylon,Palace & Ancient Site,Masgouf,Chukar Partridge
Ireland,Gaelic Games,De Jure,Cliffs of Moher,Natural Wonder,Irish Stew,Irish Wolfhound
Israel,Football,De Facto,Western Wall,Religious Site,Falafel,Hoopoe
Italy,Football,De Facto,Colosseum,Palace & Ancient Site,Ragù alla Bolognese,Italian Wolf
Ivory Coast,Football,De Facto,Basilica of Our Lady of Peace,Religious Site,Garba,African Elephant
Jamaica,Cricket,De Facto,Dunn's River Falls,Natural Wonder,Ackee and Saltfish,Red-billed Streamertail
Japan,Sumo Wrestling,De Facto,Mount Fuji,Natural Wonder,Sushi,Green Pheasant
Jordan,Football,De Facto,Petra,Palace & Ancient Site,Mansaf,Arabian Oryx
Kazakhstan,Kyz Kuu,De Facto,Charyn Canyon,Natural Wonder,Beshbarmak,Golden Eagle
Kenya,Athletics,De Facto,Maasai Mara,Natural Wonder,Ugali,Lion
Kiribati,Football,De Facto,Caroline Island,Natural Wonder,Palusami,Frigatebird
Kuwait,Football,De Facto,Kuwait Towers,Modern Architectural,Machboos,Falcon
Kyrgyzstan,Kok Boru,De Jure,Ala Archa National Park,Natural Wonder,Beshbarmak,Markhor
Laos,Muay Lao,De Facto,Pha That Luang,Religious Site,Larb,Indian Elephant
Latvia,Ice Hockey,De Jure,Freedom Monument,Historical & Memorial,Grey Peas with Bacon,White Wagtail
Lebanon,Basketball,De Facto,Jeita Grotto,Natural Wonder,Kibbeh,Striped Hyena
Lesotho,Football,De Facto,Maletsunyane Falls,Natural Wonder,Pap-pap,Basuto Pony
Liberia,Football,De Facto,Sapo National Park,Natural Wonder,Dumboy,Lion
Libya,Football,De Facto,Leptis Magna,Palace & Ancient Site,Couscous,Barbary Lion
Liechtenstein,Alpine Skiing,De Facto,Vaduz Castle,Palace & Ancient Site,Käsknöpfle,Golden Eagle
Lithuania,Basketball,De Facto,Trakai Island Castle,Palace & Ancient Site,Cepelinai,White Stork
Luxembourg,Cycling,De Facto,Notre-Dame Cathedral,Religious Site,Judd mat Gaardebounen,Lion
Madagascar,Rugby Union,De Facto,Avenue of the Baobabs,Natural Wonder,Romazava,Ring-tailed Lemur
Malawi,Football,De Facto,Lake Malawi,Natural Wonder,Chambo with Nshima,Thomson's Gazelle
Malaysia,Sepak Takraw,De Jure,Petronas Towers,Modern Architectural,Nasi Lemak,Malayan Tiger
Maldives,Football,De Facto,Male Friday Mosque,Religious Site,Garudhiya,White Tern
Mali,Football,De Facto,Great Mosque of Djenné,Religious Site,Tiguadege Na,Leopard
Malta,Football,De Facto,Ġgantija Temples,Palace & Ancient Site,Stuffat tal-Fenek,Pharaoh Hound
Marshall Islands,Basketball,De Facto,Majuro Lagoon,Natural Wonder,Barramundi Cod dishes,Shark
Mauritania,Football,De Facto,Chinguetti Mosque,Religious Site,Thieboudienne,Moorish Crocodile
Mauritius,Football,De Facto,Seven Coloured Earths,Natural Wonder,Dholl Puri,Dodo
Mexico,Charreria,De Jure,Chichen Itza,Palace & Ancient Site,Tacos,Golden Eagle
Micronesia,Football,De Facto,Nan Madol,Palace & Ancient Site,Uwt,Fruit Bat
Moldova,Tranta,De Jure,Orheiul Vechi,Palace & Ancient Site,Mămăligă,Aurochs
Monaco,Football,De Facto,Prince's Palace of Monaco,Palace & Ancient Site,Barbagiuan,Hedgehog
Mongolia,Bökh (Mongolian Wrestling),De Jure,Erdene Zuu Monastery,Religious Site,Buuz,Przewalski's Horse
Montenegro,Water Polo,De Facto,Bay of Kotor,Natural Wonder,Njegški Pršut,Golden Eagle
Morocco,Football,De Facto,Hassan II Mosque,Religious Site,Couscous,Barbary Lion
Mozambique,Football,De Facto,Bazaruto Archipelago,Natural Wonder,Frango querying Piri-Piri,African Elephant
Myanmar,Chinlone,De Jure,Shwedagon Pagoda,Religious Site,Mohinga,Indochinese Tiger
Namibia,Rugby Union,De Facto,Sossusvlei Dunes,Natural Wonder,Kapana,Oryx Gazelle
Nauru,Australian Rules Football,De Facto,Anibare Bay,Natural Wonder,Coconut Fish,Great Frigatebird
Nepal,Volleyball,De Jure,Mount Everest,Natural Wonder,Dal Bhat,Cow
Netherlands,Football,De Facto,Kinderdijk Windmills,Historical & Memorial,Stamppot,Lion
New Zealand,Rugby Union,De Facto,Milford Sound,Natural Wonder,Hāngī,Kiwi
Nicaragua,Baseball,De Jure,Granada Islets,Natural Wonder,Gallo Pinto,Turquoise-browed Motmot
Niger,Traditional Wrestling,De Facto,Air and Ténéré Natural Reserves,Natural Wonder,Djerma Stew,Dama Gazelle
Nigeria,Football,De Facto,Zuma Rock,Natural Wonder,Jollof Rice,Eagle
North Korea,Football,De Facto,Kumsusan Palace of the Sun,Historical & Memorial,Cold Noodles,Chollima
North Macedonia,Football,De Facto,Lake Ohrid,Natural Wonder Maced,Tavče Gravče,Lynx
Norway,Cross-Country Skiing,De Facto,Geirangerfjord,Natural Wonder,Fårikål,Moose
Oman,Football,De Facto,Sultan Qaboos Grand Mosque,Religious Site,Shuwa,Arabian Oryx
Pakistan,Field Hockey,De Jure,Badshahi Mosque,Religious Site,Biryani,Markhor
Palau,Baseball,De Facto,Rock Islands Southern Lagoon,Natural Wonder,Fruit Bat Soup,Palau Fruit Dove
Panama,Baseball,De Facto,Panama Canal,Modern Architectural,Sancocho,Harpy Eagle
Papua New Guinea,Rugby League,De Facto,Kokoda Track,Historical & Memorial,Mumu,Raggiana Bird-of-Paradise
Paraguay,Football,De Facto,Itaipu Dam,Modern Architectural,Sopa Paraguaya,Pampas Fox
Peru,Paleta Fronton,De Jure,Machu Picchu,Palace & Ancient Site,Ceviche,Vicuña
Philippines,Arnis,De Jure,Chocolate Hills,Natural Wonder,Adobo,Philippine Eagle
Poland,Football,De Facto,Wawel Royal Castle,Palace & Ancient Site,Bigos,White Eagle
Portugal,Football,De Facto,Belém Tower,Historical & Memorial,Bacalhau,Iberian Wolf
Qatar,Football,De Facto,Souq Waqif,Historical & Memorial,Machboos,Arabian Oryx
Romania,Oina,De Jure,Peleș Castle,Palace & Ancient Site,Mămăligă,Lynx
Russia,Bandy,De Jure,Red Square,Historical & Memorial,Borsch,Eurasian Brown Bear
Rwanda,Football,De Facto,Volcanoes National Park,Natural Wonder,Ugali,Leopard
Saint Kitts and Nevis,Cricket,De Facto,Brimstone Hill Fortress,Historical & Memorial,Goat Water,Vervet Monkey
Saint Lucia,Cricket,De Facto,The Pitons,Natural Wonder,Green Fig and Saltfish,Saint Lucia Parrot
Saint Vincent and the Grenadines,Cricket,De Facto,Tobago Cays,Natural Wonder,Roasted Breadfruit and Fried Jackfish,Saint Vincent Parrot
Samoa,Rugby Union,De Facto,To Sua Ocean Trench,Natural Wonder,Palusami,Manumea
San Marino,Football,De Facto,Three Towers of San Marino,Historical & Memorial,Torta Tre Monti,Unofficial Stag
Sao Tome and Principe,Football,De Facto,Obo National Park,Natural Wonder,Calulu,Falcon
Saudi Arabia,Football,De Facto,Masmak Fortress,Historical & Memorial,Kabsa,Arabian Arabian Horse
Senegal,Laamb Wrestling,De Jure,House of Slaves (Goreé),Historical & Memorial,Thieboudienne,Lion
Serbia,Football,De Facto,Belgrade Fortress,Historical & Memorial,Ćevapi,White Eagle
Seychelles,Football,De Facto,Vallée de Mai,Natural Wonder,Fish Curry,Aldabra Giant Tortoise
Sierra Leone,Football,De Facto,Bunce Island,Historical & Memorial,Cassava Leaves Stew,Chimpanzee
Singapore,Football,De Facto,Marina Bay Sands,Modern Architectural,Chilli Crab,Lion
Slovakia,Ice Hockey,De Facto,Spiš Castle,Palace & Ancient Site,Bryndzové Halušky,Chamois
Slovenia,Alpine Skiing,De Facto,Lake Bled,Natural Wonder,Potica,Lipizzan Horse
Solomon Islands,Football,De Facto,Rennell Island,Natural Wonder,Poi,Sea Eagle
Somalia,Football,De Facto,Laas Geel,Palace & Ancient Site,Bariis Iskukaris,Leopard
South Africa,Rugby Union & Cricket,De Facto,Table Mountain,Natural Wonder,Bobotie,Springbok
South Sudan,Basketball,De Facto,Boma National Park,Natural Wonder,Kisra,Dinka Cattle
Spain,Football,De Facto,Sagrada Família,Religious Site,Paella,Bull
Sri Lanka,Volleyball,De Jure,Sigiriya,Palace & Ancient Site,Rice and Curry,Lion
Sudan,Football,De Facto,Pyramids of Meroë,Palace & Ancient Site,Ful Medames,Secretary Bird
Suriname,Football,De Facto,Central Suriname Nature Reserve,Natural Wonder,Pom,Jaguar
Sweden,Football,De Facto,Vasa Museum,Historical & Memorial,Köttbullar,Moose
Switzerland,Schwingen,De Facto,Matterhorn,Natural Wonder,Fondue,St. Bernard Dog
Syria,Football,De Facto,Ancient City of Damascus,Palace & Ancient Site,Shawarma,Hawk
Tajikistan,Gushtigiri,De Jure,Iskanderkul Lake,Natural Wonder,Plov,Markhor
Tanzania,Football,De Facto,Mount Kilimanjaro,Natural Wonder,Ugali,Serengeti Lion
Thailand,Muay Thai,De Jure,Grand Palace,Palace & Ancient Site,Pad Thai,Thai Elephant
Timor-Leste,Football,De Facto,Christo Rei of Dili,Religious Site,Ikan Sabuko,Crocodile
Togo,Football,De Facto,Koutammakou,Palace & Ancient Site,Fufu,Lion
Tonga,Rugby Union,De Facto,Ha'amonga 'a Maui,Palace & Ancient Site,Lu Pulu,Humpback Whale
Trinidad and Tobago,Cricket,De Facto,Maracas Beach,Natural Wonder,Crab and Dumpling,Scarlet Ibis
Tunisia,Football,De Facto,Amphitheatre of El Jem,Palace & Ancient Site,Couscous,Dromedary Camel
Turkey,Oil Wrestling,De Jure,Hagia Sophia,Religious Site,Kebab,Grey Wolf
Turkmenistan,Goresh,De Jure,Darvaza Gas Crater,Natural Wonder,Plov,Akhal-Teke Horse
Tuvalu,Kilikiti,De Facto,Funafuti Conservation Area,Natural Wonder,Pulaka,Whale
Uganda,Football,De Facto,Murchison Falls,Natural Wonder,Matooke,Grey Crowned Crane
Ukraine,Football,De Facto,Saint Sophia Cathedral,Religious Site,Borsch,Common Nightingale
United Arab Emirates,Camel Racing,De Facto,Burj Khalifa,Modern Architectural,Khuzi,Arabian Oryx
United Kingdom,Cricket,De Facto,Stonehenge,Palace & Ancient Site,Chicken Tikka Masala,Lion
United States,Baseball,De Facto,Lincoln Memorial,Historical & Memorial,Hamburger,Bald Eagle
Uruguay,Destrezas Criollas,De Jure,Casapueblo,Modern Architectural,Chivito,Southern Lapwing
Uzbekistan,Kurash,De Jure,Registan Square,Palace & Ancient Site,Plov,Snow Leopard
Vanuatu,Football,De Facto,Mount Yasur,Natural Wonder,Laplap,Pacific Imperial Pigeon
Vatican City,Football,De Facto,St. Peter's Basilica,Religious Site,Spaghetti alla Carbonara,Dove
Venezuela,Coleo,De Jure,Angel Falls,Natural Wonder,Arepa,Turpial
Vietnam,Vovinam,De Jure,Ha Long Bay,Natural Wonder,Pho,Water Buffalo
Yemen,Football,De Facto,Old City of Sana'a,Palace & Ancient Site,Saltah,Golden Eagle
Zambia,Football,De Facto,Victoria Falls,Natural Wonder,Nshima,African Fish Eagle
Zimbabwe,Football,De Facto,Great Zimbabwe,Palace & Ancient Site,Sadza,Sable Antelope
